molecule_chembl_id,canonical_smiles,standard_value
CHEMBL134277,CC1=CC(C)(C)Nc2ccc3c(c21)/C(=C/c1ccsc1)Oc1ccc(F)cc1-3,3488.0
CHEMBL11252,Cn1cc(NC(=O)c2cc(NC(=O)c3cc(NC=O)cn3C)cn2C)cc1C(=O)NCCC(=N)N,20.0
CHEMBL552863,Cl.Cn1cc(NC(=O)c2cc(NC(=O)c3cc(NC(=O)c4cc5cc(N(CCCl)CCCl)ccc5n4C)cn3C)cn2C)cc1C(=O)NCCC(=N)N,1.0
CHEMBL554247,Cl.Cn1cc(NC(=O)c2cc(NC(=O)c3cc(NC(=O)c4cc5cc(NC(=O)c6ccc(N(CCCl)CCCl)cc6)ccc5o4)cn3C)cn2C)cc1C(=O)NCCC(=N)N,5.0
CHEMBL717,CC(=O)O[C@]1(C(C)=O)CC[C@H]2[C@@H]3C[C@H](C)C4=CC(=O)CC[C@]4(C)[C@H]3CC[C@@]21C,924.0
CHEMBL536328,Cl.Cn1cc(NC(=O)c2cc(NC(=O)c3cc(NC(=O)c4cc5cc(N(CCCl)CCCl)ccc5[nH]4)cn3C)cn2C)cc1C(=O)NCCC(=N)N,1.0
CHEMBL552690,Cl.Cn1cc(NC(=O)c2cc(NC(=O)c3cc(NC(=O)c4nc5cc(NC(=O)c6ccc(N(CCCl)CCCl)cc6)ccc5[nH]4)cn3C)cn2C)cc1C(=O)NCCC(=N)N,5.0
CHEMBL337856,CC1=CC(C)(C)Nc2ccc3c(c21)/C(=C/c1ccccc1C)Oc1c(F)cccc1-3,2443.0
CHEMBL335996,COc1ccccc1/C=C1\Oc2ccc(F)cc2-c2ccc3c(c21)C(C)=CC(C)(C)N3,1885.0
CHEMBL130141,CC1=CC(C)(C)Nc2ccc3c(c21)/C(=C/c1ccncc1C)Oc1ccc(F)cc1-3,1149.0
CHEMBL336169,CC1=CC(C)(C)Nc2ccc3c(c21)/C(=C/c1ccco1)Oc1ccc(F)cc1-3,1273.0
CHEMBL554353,Cl.Cn1cc(NC(=O)c2cc(NC(=O)c3cc(NC(=O)c4cc5cc(NC(=O)c6ccc(N(CCCl)CCCl)cc6)ccc5[nH]4)cn3C)cn2C)cc1C(=O)NCCC(=N)N,7.5
CHEMBL540313,Cl.Cn1cc(NC(=O)c2cc(NC(=O)c3cc(NC(=O)c4cc5cc(N(CCCl)CCCl)ccc5o4)cn3C)cn2C)cc1C(=O)NCCC(=N)N,3.0
CHEMBL554189,Cl.Cn1cc(NC(=O)c2cc(NC(=O)c3cc(NC(=O)c4cc5cc(NC(=O)c6ccc(N(CCCl)CCCl)cc6)ccc5n4C)cn3C)cn2C)cc1C(=O)NCCC(=N)N,5.0
CHEMBL431611,Oc1ccc2c(c1)S[C@H](C1CCCC1)[C@H](c1ccc(OCCN3CCCCC3)cc1)O2,22.0
CHEMBL266703,CC/C(=C(/c1ccc(O)cc1)c1ccc(OCCN(C)CCOCCO/N=C/c2ccc(O)c(C(=O)NCNC3CC(O[C@H]4C[C@](O)(C(=O)CO)Cc5c(O)c6c(c(O)c54)C(=O)c4c(OC)cccc4C6=O)OC(C)C3O)c2)cc1)c1ccccc1,300.0
CHEMBL316132,Oc1ccc2c(c1)S[C@H](C1CCCCCC1)[C@H](c1ccc(OCCN3CCCCC3)cc1)O2,21.0
CHEMBL304552,Oc1ccc([C@H]2Sc3cc(O)ccc3O[C@H]2c2ccc(OCCN3CCCCC3)cc2)cc1,9.6
CHEMBL85881,Oc1ccc2c(c1)S[C@H](CC1CCCCC1)[C@H](c1ccc(OCCN3CCCCC3)cc1)O2,67.0
CHEMBL19481,CCC(c1ccccc1)C(c1ccc(O)cc1)c1ccc(OCCN(C)CCOCCO/N=C/c2ccc(O)c(C(N)=O)c2)cc1,150.0
CHEMBL85536,Oc1ccc2c(c1)S[C@H](Cc1ccccc1)[C@H](c1ccc(OCCN3CCCCC3)cc1)O2,61.0
CHEMBL278308,CCC(c1ccccc1)C(c1ccc(O)cc1)c1ccc(OCCN(C)CCOCCOCCO/N=C/c2ccc(O)c(C(N)=O)c2)cc1,150.0
CHEMBL135,C[C@]12CC[C@@H]3c4ccc(O)cc4CC[C@H]3[C@@H]1CC[C@@H]2O,1.5
CHEMBL266185,CC/C(=C(/c1ccc(O)cc1)c1ccc(OCCN(C)CCO/N=C/c2ccc(O)c(C(=O)NCNC3CC(O[C@H]4C[C@](O)(C(=O)CO)Cc5c(O)c6c(c(O)c54)C(=O)c4c(OC)cccc4C6=O)OC(C)C3O)c2)cc1)c1ccccc1,300.0
CHEMBL315761,Oc1ccc2c(c1)S[C@H](c1ccco1)[C@H](c1ccc(OCCN3CCCCC3)cc1)O2,210.0
CHEMBL419110,CC(C)(C)[C@H]1Sc2cc(O)ccc2O[C@H]1c1ccc(OCCN2CCCCC2)cc1,137.0
CHEMBL85650,CC(C)C[C@H]1Sc2cc(O)ccc2O[C@H]1c1ccc(OCCN2CCCCC2)cc1,76.0
CHEMBL19535,CCC(c1ccccc1)C(c1ccc(O)cc1)c1ccc(OCCN(C)CCO/N=C/c2ccc(O)c(C(N)=O)c2)cc1,300.0
CHEMBL19195,CC/C(=C(/c1ccc(O)cc1)c1ccc(OCN(C)C)cc1)c1ccccc1,5.0
CHEMBL313941,Oc1ccc(C[C@H]2Sc3cc(O)ccc3O[C@H]2c2ccc(OCCN3CCCCC3)cc2)cc1,14.0
CHEMBL313825,CC(C)[C@H]1Sc2cc(O)ccc2O[C@H]1c1ccc(OCCN2CCCCC2)cc1,127.0
CHEMBL410193,CC/C(=C(/c1ccc(O)cc1)c1ccc(OCCN(C)CCOCCOCCO/N=C/c2ccc(O)c(C(=O)NCNC3CC(O[C@H]4C[C@](O)(C(=O)CO)Cc5c(O)c6c(c(O)c54)C(=O)c4c(OC)cccc4C6=O)OC(C)C3O)c2)cc1)c1ccccc1,200.0
CHEMBL315271,Oc1ccc2c(c1)S[C@H](CC1CCCC1)[C@H](c1ccc(OCCN3CCCCC3)cc1)O2,73.0
CHEMBL83,CC/C(=C(\c1ccccc1)c1ccc(OCCN(C)C)cc1)c1ccccc1,2000.0
CHEMBL81,O=C(c1ccc(OCCN2CCCCC2)cc1)c1c(-c2ccc(O)cc2)sc2cc(O)ccc12,4.0
CHEMBL59146,O=C(c1ccc(OCCN2CCCCC2)cc1)N1c2ccc(O)cc2CCC1c1ccccc1,620.0
CHEMBL60538,Oc1ccc2c(c1)CCC(c1ccccc1)N2Cc1ccc(OCCN2CCCCC2)cc1,490.0
CHEMBL56306,Oc1ccc(C2CCc3cc(O)ccc3N2Cc2ccc(OCCN3CCCC3)cc2)cc1,68.0
CHEMBL58688,Oc1cccc(C2CCc3cc(O)ccc3N2Cc2ccc(OCCN3CCCCC3)cc2)c1,390.0
CHEMBL56166,O=C(c1ccc(OCCN2CCCCC2)cc1)N1c2ccc(O)cc2CCC1c1ccc(O)cc1,990.0
CHEMBL56390,Oc1ccc(C2CCc3cc(O)ccc3N2c2ccc(OCCN3CCCC3)cc2)cc1,490.0
CHEMBL2137046,CCC(=C(c1ccc(O)cc1)c1ccc(OCCN(C)C)cc1)c1ccccc1,2.6
CHEMBL59311,O=C(c1ccc(OCCN2CCCCC2)cc1)N1c2ccc(O)cc2CCC1c1cccc(O)c1,590.0
CHEMBL56198,Oc1ccc(C2CCc3cc(O)ccc3N2Cc2ccc(OCCN3CCCCC3)cc2)cc1,270.0
CHEMBL293297,Oc1ccc(C2CCc3cc(O)ccc3N2c2ccc(OCCN3CCCCC3)cc2)cc1,590.0
CHEMBL955,CCN(CC)CCOc1ccc(/C(=C(/Cl)c2ccccc2)c2ccc(O)c(OC)c2)cc1,780.0
CHEMBL292185,CCN(CC)CCOc1ccc(/C(=C(/Cl)c2ccc(O)c(OC)c2)c2ccccc2)cc1,3000.0
CHEMBL78526,CCCCC1C(c2ccc(O)cc2)=c2ccc3n2C1C=CC=3,200.0
CHEMBL312193,CCCc1c(-c2ccc(O)cc2)c2ccc3cccc1n32,5.0
CHEMBL309916,CCc1c(-c2ccccc2)c2ccc3cc(O)cc1n32,1300.0
CHEMBL80124,CCc1c(-c2ccc(O)cc2)c2ccc3c(O)ccc1n32,0.9
CHEMBL77680,CCCC(C)C1C(c2ccc(O)cc2)=c2ccc3n2C1C=CC=3,950.0
CHEMBL309677,Oc1ccc(C2=c3ccc4n3C(C=CC=4)C2CCc2ccccc2)cc1,180.0
CHEMBL80976,Oc1ccc(C2=c3ccc4n3C3C(=CC=4)CCCCC23)cc1,25.0
CHEMBL80470,CCc1c(-c2cccc(O)c2)c2ccc3cccc1n32,370.0
CHEMBL308754,CCc1c(-c2ccccc2)c2ccc3c(O)ccc1n32,180.0
CHEMBL420017,CCc1c(-c2ccc(O)cc2)c2ccc3cccc1n32,9.5
CHEMBL407164,CCc1c(-c2ccc(O)cc2)c2ccc3ccc(CO)c1n32,12.0
CHEMBL80560,Oc1ccc(C2=c3ccc4n3C3C(=CC=4)CCCC23)cc1,30.0
CHEMBL76909,CCc1c(-c2ccc(O)cc2)c2ccc3cc(O)cc1n32,0.9
CHEMBL308872,Cc1c(-c2ccc(O)cc2)c2ccc3cccc1n32,28.0
CHEMBL312655,CC(C)c1c(-c2ccc(O)cc2)c2ccc3cccc1n32,8.0
CHEMBL80983,Oc1ccc(-c2cc3cccc4ccc2n43)cc1,700.0
CHEMBL1908373,CN(C)c1ccc([C@H]2C[C@]3(C)[C@@H](CC[C@]3(O)CCCO)[C@@H]3CCC4=CC(=O)CCC4=C32)cc1,1000.0
CHEMBL162569,C[C@@H]1c2cc3c(C(F)(F)F)cc(O)nc3cc2N[C@@H]1C,10000.0
CHEMBL351465,C[C@@H]1Cc2cc3c(C(F)(F)F)cc(O)nc3cc2N1,10000.0
CHEMBL350932,Oc1cc(C(F)(F)F)c2cc3c(cc2n1)N[C@@H]1CCCC[C@H]31,10000.0
CHEMBL161892,CN1c2cc3c(cc2[C@H]2CCCC[C@H]21)c(C(F)(F)F)cc(=O)n3C,10000.0
CHEMBL423620,CC1(C)CCC[C@]2(C)c3cc4c(C(F)(F)F)cc(O)nc4cc3N[C@H]12,10000.0
CHEMBL176509,O=C(C1=C(c2ccc(O)cc2)CCc2cc(O)ccc21)c1ccc(OCCN2CCCCC2)cc1,73.0
CHEMBL2112949,Oc1ccc2c3c(ccc2c1)-c1ccccc1C3c1ccc(OCCN2CCCCC2)cc1,740.0
CHEMBL2112950,Oc1ccc2c(c1)C(c1ccc(OCCN3CCCCC3)cc1)c1c-2ccc2cc(O)ccc12,125.0
CHEMBL367432,O=C(C1=C(c2ccccc2)CCc2cc(O)ccc21)c1ccc(OCCN2CCCCC2)cc1,1650.0
CHEMBL163425,Cn1c(=O)cc(C(F)(F)F)c2cc3c(cc21)N[C@@H]1CCCC[C@H]31,10000.0
CHEMBL351447,C[C@]12CCCC[C@H]1Nc1cc3nc(O)cc(C(F)(F)F)c3cc12,10000.0
CHEMBL10030,O=C(c1ccc(OCCN2CCCC2)cc1)c1c(-c2ccc(O)cc2)sc2cc(O)ccc12,120.0
CHEMBL165803,C[C@H]1CC[C@H]2Nc3cc4c(cc3[C@H]2C1)c(C(F)(F)F)cc(=O)n4C,10000.0
CHEMBL103,CC(=O)[C@H]1CC[C@H]2[C@@H]3CCC4=CC(=O)CC[C@]4(C)[C@H]3CC[C@]12C,1000.0
CHEMBL62700,CC1=CC(C)(C)Nc2ccc3c(c21)/C(=C/Br)Oc1ccc(F)cc1-3,1000.0
CHEMBL65929,CC1=CC(C)(C)Nc2ccc3c(c21)C(=C1SCCCS1)Oc1ccc(F)cc1-3,631.0
CHEMBL292284,CC(=O)C[C@]1(C(C)=O)CC[C@H]2C3C[C@H](C)C4=CC(=O)CC[C@]4(C)[C@H]3CC[C@@]21C,1000.0
CHEMBL65690,CC(C)=C/C=C1\Oc2ccc(F)cc2-c2ccc3c(c21)C(C)=CC(C)(C)N3,1000.0
CHEMBL1628161,C#C[C@]1(O)CC[C@H]2[C@@H]3CCc4cc(O)ccc4[C@H]3[C@@H](OC)C[C@@]21C,2.5
CHEMBL150735,O=C(c1ccc(SCCN2CCCCC2)cc1)c1c(-c2ccc(O)cc2)sc2cc(O)ccc12,0.9
CHEMBL423035,O=C(c1ccc(S(=O)(=O)CCN2CCCCC2)cc1)c1c(-c2ccc(O)cc2)sc2cc(O)ccc12,30.0
CHEMBL150970,CN(CCN1CCCCC1)c1ccc(C(=O)c2c(-c3ccc(O)cc3)sc3cc(O)ccc23)cc1,10.0
CHEMBL146765,COc1ccc(-c2sc3cc(OC)ccc3c2C(=O)c2ccc(S(=O)(=O)CCN3CCCCC3)cc2)cc1,1000.0
CHEMBL151318,O=C(c1ccc(CCCN2CCCCC2)cc1)c1c(-c2ccc(O)cc2)sc2cc(O)ccc12,10.0
CHEMBL151400,COc1ccc(-c2sc3cc(OC)ccc3c2C(=O)c2ccc(CCCN3CCCCC3)cc2)cc1,1000.0
CHEMBL150492,O=C(c1ccc(NCCN2CCCCC2)cc1)c1c(-c2ccc(O)cc2)sc2cc(O)ccc12,2.0
CHEMBL51093,C=C1CC[C@@H](Br)C(C)(C)[C@H]1Cc1cc(OC)c(Br)cc1O,10000.0
CHEMBL50023,C=C1C=C(C)CC(C)(C)C1Cc1ccc([N+](=O)[O-])cc1,10000.0
CHEMBL1276308,CC#C[C@]1(O)CC[C@H]2[C@@H]3CCC4=CC(=O)CCC4=C3[C@@H](c3ccc(N(C)C)cc3)C[C@@]21C,10000.0
CHEMBL417729,C=C1CCCC(C)(C)[C@H]1Cc1cc(OC)c(Br)cc1O,10000.0
CHEMBL51639,C=C1CC[C@@H](Br)C(C)(C)[C@@H]1Cc1cc(OC)c(Br)cc1O,10000.0
CHEMBL2112311,CC[C@H]1c2cc3c(C(F)(F)F)cc(=O)oc3cc2NC[C@H]1C,3100.0
CHEMBL6843,CCC1CCNc2cc3oc(=O)cc(C(F)(F)F)c3cc21,10000.0
CHEMBL2112312,CC[C@@H]1c2cc3c(C(F)(F)F)cc(=O)oc3cc2NC[C@H]1C,10000.0
CHEMBL415289,CC1CCNc2cc3oc(=O)cc(C(F)(F)F)c3cc21,10000.0
CHEMBL7289,CC1(C)CCc2cc3c(C(F)(F)F)cc(=O)oc3cc2N1,10000.0
CHEMBL2112310,CC[C@@H]1CNc2cc3oc(=O)cc(C(F)(F)F)c3cc2[C@H]1CC,10000.0
CHEMBL6654,CCC1Nc2cc3oc(=O)cc(C(F)(F)F)c3cc2CC1C,10000.0
CHEMBL6441,CC1=CC(C)(C)Nc2cc3oc(=O)cc(C(F)(F)F)c3cc21,10000.0
CHEMBL267270,O=c1cc(C(F)(F)F)c2cc3c(cc2o1)NCCC3C(F)(F)F,10000.0
CHEMBL6855,CCCC1CCNc2cc3oc(=O)cc(C(F)(F)F)c3cc21,10000.0
CHEMBL38222,CCCCC(=C(c1ccc(O)cc1)c1ccc(O)cc1)c1ccc(O)cc1,240.0
CHEMBL38103,CC(=C(c1ccc(O)cc1)c1ccc(O)cc1)c1ccc(O)cc1,15.0
CHEMBL34709,Oc1ccc(C=C(c2ccc(O)cc2)c2ccc(O)cc2)cc1,200.0
CHEMBL37775,CCC(=C(c1ccc(O)cc1)c1ccc(O)cc1)c1ccc(O)cc1,10.0
CHEMBL38266,CCCC(=C(c1ccc(O)cc1)c1ccc(O)cc1)c1ccc(O)cc1,70.0
CHEMBL13245,CCCCC/C=C(\c1ccc(O)cc1)c1ccc(OCCN(CC)CC)cc1,3200.0
CHEMBL276204,CCCCCCCC/C=C(/c1ccc(O)cc1)c1ccc(OCCN(CC)CC)cc1,3500.0
CHEMBL12711,CCCCCCCCCCCCCC/C=C(/c1ccc(O)cc1)c1ccc(OCCN(CC)CC)cc1,8000.0
CHEMBL12710,CCCCC/C=C(\c1ccc(O)cc1)c1ccc(OCCN2CCCC2)cc1,3300.0
CHEMBL13273,CCCCCC=C(c1ccc(OCCN(CC)CC)cc1)c1ccc(OCCN(CC)CC)cc1,6000.0
CHEMBL13167,CC(C)N(CCOc1ccc(C(=C2CCCCC2)c2ccc(OCCN(C(C)C)C(C)C)cc2)cc1)C(C)C,2100.0
CHEMBL273902,CCN(CC)CCOc1ccc(/C(=C/C(C)C)c2ccc(O)cc2)cc1,1700.0
CHEMBL13494,CCCCCCCCCCCCCC/C=C(\c1ccc(O)cc1)c1ccc(OCCN(CC)CC)cc1,9500.0
CHEMBL13251,CCN(CC)CCOc1ccc(/C(=C\Cc2ccccc2)c2ccc(O)cc2)cc1,1300.0
CHEMBL12867,CCN(CC)CCOc1ccc(/C(=C/Cc2ccccc2)c2ccc(O)cc2)cc1,1700.0
CHEMBL13289,CCN(CC)CCOc1ccc(/C(=C\C(C)C)c2ccc(O)cc2)cc1,500.0
CHEMBL12865,CCCC/C=C(\c1ccc(O)cc1)c1ccc(OCCN(CC)CC)cc1,1500.0
CHEMBL269420,CCCCCC/C=C(\c1ccc(O)cc1)c1ccc(OCCN(CC)CC)cc1,2500.0
CHEMBL13490,CCCCCCCC/C=C(\c1ccc(O)cc1)c1ccc(OCCN(CC)CC)cc1,4700.0
CHEMBL1237293,CCCC/C(CC)=C(/c1ccc(O)cc1)c1ccc(OCCN(CC)CC)cc1.CCCC/C(CC)=C(\c1ccc(O)cc1)c1ccc(OCCN(CC)CC)cc1,150.0
CHEMBL13510,CCCCCC/C=C(/c1ccc(O)cc1)c1ccc(OCCN(CC)CC)cc1,1900.0
CHEMBL269227,CCCCC/C=C(/c1ccc(O)cc1)c1ccc(OCCN(C)C)cc1,1500.0
CHEMBL13489,CCCCC/C=C(/c1ccc(O)cc1)c1ccc(OCCN(CC)CC)cc1,900.0
CHEMBL12959,CCCC/C=C(/c1ccc(O)cc1)c1ccc(OCCN(CC)CC)cc1,500.0
CHEMBL273663,CC(C)N(CCOc1ccc(C(=C2CCCCC2)c2ccc(O)cc2)cc1)C(C)C,200.0
CHEMBL13163,CC(C)C=C(c1ccc(OCCN(C(C)C)C(C)C)cc1)c1ccc(OCCN(C(C)C)C(C)C)cc1,3100.0
CHEMBL13081,CCCCC/C=C(\c1ccc(O)cc1)c1ccc(OCCN(C)C)cc1,1800.0
CHEMBL117887,COc1ccc(-c2cc(=O)c3c(N)cccc3o2)cc1,100000.0
CHEMBL116464,CC(=O)Nc1ccc(-c2cc(=O)c3c(N)cccc3o2)cc1,100000.0
CHEMBL424623,CCCNc1ccc(-c2cc(=O)c3c(N)cccc3o2)cc1,100000.0
CHEMBL28,O=c1cc(-c2ccc(O)cc2)oc2cc(O)cc(O)c12,14000.0
CHEMBL119088,CNc1ccc(-c2cc(=O)c3c(N)cccc3o2)cc1,100000.0
CHEMBL117277,CCCCNc1ccc(-c2cc(=O)c3c(N)cccc3o2)cc1,100000.0
CHEMBL116344,N#Cc1ccc(-c2cc(=O)c3c(N)cccc3o2)cc1,100000.0
CHEMBL117688,CCNc1ccc(-c2cc(=O)c3c(N)cccc3o2)cc1,100000.0
CHEMBL116026,Nc1cccc2oc(-c3ccc(O)cc3)cc(=O)c12,18000.0
CHEMBL116514,CN(C)c1ccc(-c2cc(=O)c3c(N)cccc3o2)cc1,100000.0
CHEMBL117587,Nc1cccc2oc(-c3ccc(NCc4ccccc4)cc3)cc(=O)c12,100000.0
CHEMBL443540,Nc1cccc2oc(-c3ccccc3)cc(=O)c12,100000.0
CHEMBL115811,Nc1cccc2oc(-c3ccc(Br)cc3)cc(=O)c12,100000.0
CHEMBL56415,Nc1ccc(-c2cc(=O)c3c(N)cccc3o2)cc1,100000.0
CHEMBL44,O=c1c(-c2ccc(O)cc2)coc2cc(O)cc(O)c12,990.0
CHEMBL1628147,C[C@]12C[C@H](CCCCNC(=O)CBr)[C@@H]3c4ccc(O)cc4CC[C@H]3[C@@H]1CC[C@@H]2O,320.0
CHEMBL1628165,C[C@]12C[C@H](CCCCOS(C)(=O)=O)[C@@H]3c4ccc(O)cc4CC[C@H]3[C@@H]1CC[C@@H]2O,6.0
CHEMBL303196,CN(C)CCOc1ccc(/C(=C(/CCO)c2ccccc2)c2ccccc2)cc1,7.0
CHEMBL1627458,Cc1ccc(S(=O)(=O)OCCCCCCCCCC[C@H]2C[C@]3(C)[C@@H](O)CC[C@H]3[C@@H]3CCc4cc(O)ccc4[C@@H]23)cc1,4.0
CHEMBL1627893,C[C@]12C[C@H](CCCCBr)[C@@H]3c4ccc(O)cc4CC[C@H]3[C@@H]1CC[C@@H]2O,3.0
CHEMBL137103,CC1=CC(C)(C)Nc2ccc3c(c21)/C(=C/c1cc(F)ccc1F)Oc1ccccc1-3,10000.0
CHEMBL134421,CC1=CC(C)(C)Nc2ccc3c(c21)/C(=C/c1ccccc1)Oc1ccccc1-3,10000.0
CHEMBL342426,CC1=CC(C)(C)Nc2ccc3c(c21)/C(=C/c1ccc(F)c(F)c1)Oc1ccccc1-3,10000.0
CHEMBL32812,CC1=CC(C)(C)Nc2ccc3c(c21)/C(=C/c1cccc(F)c1)Oc1ccccc1-3,10000.0
CHEMBL302362,CC1=CC(C)(C)Nc2ccc3c(c21)/C(=C/c1ccccc1C)Oc1ccccc1-3,20.0
CHEMBL136322,CC1(C)OC(=O)Nc2ccc(-c3cc(F)cc(C#N)c3)cc21,10000.0
CHEMBL343306,CC1(C)OC(=O)Nc2ccc(-c3ccc(F)c(Cl)c3)cc21,10000.0
CHEMBL47217,CCOC(=O)c1ccc(-c2sc3cc(O)ccc3c2C(=O)c2ccc(OCCN3CCCCC3)cc2)cc1,50.0
CHEMBL416268,NC(=O)c1ccc(-c2sc3cc(O)ccc3c2C(=O)c2ccc(OCCN3CCCCC3)cc2)cc1,200.0
CHEMBL297996,COC(=O)c1ccc(-c2sc3cc(O)ccc3c2C(=O)c2ccc(OCCN3CCCCC3)cc2)cc1,50.0
CHEMBL46921,CN(C)C(=O)c1ccc(-c2sc3cc(O)ccc3c2C(=O)c2ccc(OCCN3CCCCC3)cc2)cc1,20.0
CHEMBL297549,C=Cc1ccc(-c2sc3cc(O)ccc3c2C(=O)c2ccc(OCCN3CCCCC3)cc2)cc1,7.0
CHEMBL45107,CCOP(=O)(OCC)c1ccc2c(C(=O)c3ccc(OCCN4CCCCC4)cc3)c(-c3ccc(O)cc3)sc2c1,200.0
CHEMBL171483,COC(=O)c1ccc(-c2sc3ccccc3c2C(=O)c2ccc(OCCN3CCCCC3)cc2)cc1,1000.0
CHEMBL170427,CCCCOC(=O)c1ccc2c(C(=O)c3ccc(OCCN4CCCCC4)cc3)c(-c3ccc(O)cc3)sc2c1,40.0
CHEMBL353709,COC(=O)c1ccc2c(C(=O)c3ccc(OCCN4CCCCC4)cc3)c(-c3ccccc3)sc2c1,1000.0
CHEMBL170884,CNC(=O)c1ccc(-c2sc3cc(O)ccc3c2C(=O)c2ccc(OCCN3CCCCC3)cc2)cc1,40.0
CHEMBL170995,COC(=O)c1ccc(-c2sc3cc(C(=O)OC)ccc3c2C(=O)c2ccc(OCCN3CCCCC3)cc2)cc1,1000.0
CHEMBL416088,CC(=O)c1ccc(-c2sc3cc(O)ccc3c2C(=O)c2ccc(OCCN3CCCCC3)cc2)cc1,32.0
CHEMBL297813,CC(=O)c1ccc2c(C(=O)c3ccc(OCCN4CCCCC4)cc3)c(-c3ccc(O)cc3)sc2c1,60.0
CHEMBL297830,CCOP(=O)(OCC)c1ccc(-c2sc3cc(O)ccc3c2C(=O)c2ccc(OCCN3CCCCC3)cc2)cc1,210.0
CHEMBL297782,NC(=O)c1ccc2c(C(=O)c3ccc(OCCN4CCCCC4)cc3)c(-c3ccc(O)cc3)sc2c1,1000.0
CHEMBL47811,C#Cc1ccc2c(C(=O)c3ccc(OCCN4CCCCC4)cc3)c(-c3ccc(O)cc3)sc2c1,20.0
CHEMBL169162,COC(=O)c1ccc2c(C(=O)c3ccc(OCCN4CCCCC4)cc3)c(-c3ccc(O)cc3)sc2c1,30.0
CHEMBL295540,O=C(O)c1ccc(-c2sc3cc(O)ccc3c2C(=O)c2ccc(OCCN3CCCCC3)cc2)cc1,325.0
CHEMBL43779,C#Cc1ccc(-c2sc3cc(O)ccc3c2C(=O)c2ccc(OCCN3CCCCC3)cc2)cc1,0.8
CHEMBL170001,N#Cc1ccc(-c2sc3cc(O)ccc3c2C(=O)c2ccc(OCCN3CCCCC3)cc2)cc1,8.0
CHEMBL355304,CC(C)COC(=O)c1ccc2c(C(=O)c3ccc(OCCN4CCCCC4)cc3)c(-c3ccc(O)cc3)sc2c1,40.0
CHEMBL556034,Cl.O=C(c1ccc(OCCN2CCCCC2)cc1)c1c(-c2ccccc2)sc2cc(O)ccc12,2.5
CHEMBL295907,O=C(c1ccc(OCCN2CCCCC2)cc1)c1c(-c2ccc(-c3ccccc3)cc2)sc2cc(O)ccc12,100.0
CHEMBL544964,Cl.O=C(c1ccc(OCCN2CCCCC2)cc1)c1c(-c2ccc(Cl)cc2)sc2cc(O)ccc12,1.0
CHEMBL47358,O=C(c1ccc(OCCN2CCCCC2)cc1)c1c(-c2ccc(O)cc2)sc2cc(O)c(F)cc12,3.0
CHEMBL44643,O=C(c1ccc(OCCN2CCCCC2)cc1)c1c(-c2cc[n+]([O-])cc2)sc2cc(O)ccc12,100.0
CHEMBL46937,CCCCc1ccc(-c2sc3cc(O)ccc3c2C(=O)c2ccc(OCCN3CCCCC3)cc2)cc1,10.0
CHEMBL296526,COc1ccc2c(C(=O)c3ccc(OCCN4CCCCC4)cc3)c(-c3ccc4c(c3)OCO4)sc2c1,500.0
CHEMBL44797,Cc1cc(-c2sc3cc(O)ccc3c2C(=O)c2ccc(OCCN3CCCCC3)cc2)cc(C)c1O,100.0
CHEMBL47944,O=C(c1ccc(OCCN2CCCCC2)cc1)c1c(C2CCCCC2)sc2cc(O)ccc12,2.5
CHEMBL416810,CCc1ccc(-c2sc3cc(O)ccc3c2C(=O)c2ccc(OCCN3CCCCC3)cc2)cc1,5.0
CHEMBL45461,CNC(=O)c1ccc(-c2sc3cc(O)ccc3c2C(=O)c2ccc(OCCN3CCCCC3)cc2)cc1.O=C(O)C(F)(F)F,40.0
CHEMBL42018,O=C(c1ccc(OCCN2CCCCC2)cc1)c1c(-c2ccncc2)sc2cc(O)ccc12,100.0
CHEMBL45120,CCSCc1ccc(-c2sc3cc(O)ccc3c2C(=O)c2ccc(OCCN3CCCCC3)cc2)cc1,100.0
CHEMBL296759,Cc1c(O)cc(C)c2c(C(=O)c3ccc(OCCN4CCCCC4)cc3)c(-c3ccc(O)cc3)sc12,100.0
CHEMBL47821,O=C(c1ccc(OCCN2CCCCC2)cc1)c1c(-c2ccc(O)c(Cl)c2)sc2cc(O)ccc12,2.3
CHEMBL46806,O=C(c1ccc(OCCN2CCCCC2)cc1)c1c(-c2ccccc2O)sc2cc(O)ccc12,10.0
CHEMBL44158,COc1cc(O)ccc1-c1sc2cc(O)ccc2c1C(=O)c1ccc(OCCN2CCCCC2)cc1,2.0
CHEMBL44940,O=C(c1ccc(OCCN2CCCCC2)cc1)c1c(-c2cccc3ccccc23)sc2cc(O)ccc12,0.8
CHEMBL540790,Cl.O=C(c1ccc(OCCN2CCCCC2)cc1)c1c(-c2ccc(F)cc2)sc2cc(O)ccc12,2.3
CHEMBL44792,COc1ccc2c(C(=O)c3ccc(OCCN4CCCCC4)cc3)c(-c3ccccc3)sc2c1,1000.0
CHEMBL296875,CC(C)c1sc2cc(O)ccc2c1C(=O)c1ccc(OCCN2CCCCC2)cc1,3.0
CHEMBL538986,Cl.O=C(c1ccc(OCCN2CCCCC2)cc1)c1c(-c2ccccc2)sc2ccccc12,300.0
CHEMBL544251,Cc1ccc(-c2sc3cc(O)ccc3c2C(=O)c2ccc(OCCN3CCCCC3)cc2)cc1.Cl,50.0
CHEMBL44634,O=C(c1ccc(OCCN2CCCCC2)cc1)c1c(-c2ccc(O)cc2)sc2ccc(O)cc12,100.0
CHEMBL47087,O=C(c1ccc(OCCN2CCCCC2)cc1)c1c(-c2ccc([N+](=O)[O-])cc2)sc2cc(O)ccc12,500.0
CHEMBL46409,O=C(c1ccc(OCCN2CCCCC2)cc1)c1c(-c2cccs2)sc2cc(O)ccc12,20.0
CHEMBL42707,O=C(c1ccc(OCCN2CCCCC2)cc1)c1c(-c2ccc(O)cc2)sc2cccc(O)c12,190.0
CHEMBL45386,Cc1cc2c(C(=O)c3ccc(OCCN4CCCCC4)cc3)c(-c3ccc(O)cc3)sc2c(C)c1O,500.0
CHEMBL431141,O=C(c1ccc(OCCN2CCCCC2)cc1)c1c(-c2ccc(O)cc2)sc2cc(O)cc(O)c12,350.0
CHEMBL47464,COc1ccc2c(C(=O)c3ccc(OCCN4CCCCC4)cc3)c(-c3ccc(O)cc3)sc2c1,250.0
CHEMBL297052,O=C(c1ccc(OCCN2CCCCC2)cc1)c1c(-c2ccc(O)cc2)sc2cc(O)c3ccccc3c12,500.0
CHEMBL555102,COc1ccc(-c2sc3cc(OC)ccc3c2C(=O)c2ccc(OCCN3CCCCC3)cc2)cc1.Cl,300.0
CHEMBL264302,COc1ccc(-c2sc3cc(O)ccc3c2C(=O)c2ccc(OCCN3CCCCC3)cc2)cc1,1000.0
CHEMBL1160091,COc1ccc(-c2sc3ccccc3c2C(=O)c2ccc(OCCN3CCCCC3)cc2)cc1.O=C(O)CC(O)(CC(=O)O)C(=O)O,100.0
CHEMBL47012,O=C(c1ccc(OCCN2CCCCC2)cc1)c1c(Cc2ccc(O)cc2)sc2cc(O)ccc12,5.0
CHEMBL544727,Cl.O=C(c1ccc(OCCN2CCCCC2)cc1)c1c(-c2ccc(O)cc2)sc2cc(Cl)ccc12,1000.0
CHEMBL48021,O=C(c1ccc(OCCN2CCCCC2)cc1)c1c(-c2ccc(O)c(F)c2)sc2cc(O)ccc12,0.3
CHEMBL43936,Cc1sc2cc(O)ccc2c1C(=O)c1ccc(OCCN2CCCCC2)cc1,35.0
CHEMBL64692,O=C(c1ccc(OCCN2CCCCC2)cc1)c1c2ccc(O)cc2sc1[C@H]1CC[C@H](O)CC1,2.0
CHEMBL46626,O=C(c1ccc(OCCN2CCCCC2)cc1)c1c(-c2ccc(C(F)(F)F)cc2)sc2cc(O)ccc12,1000.0
CHEMBL46622,COc1ccc2c(C(=O)c3ccc(OCCN4CCCCC4)cc3)c(-c3ccc(CO)cc3)sc2c1,600.0
CHEMBL295903,O=C(c1ccc(OCCN2CCCCC2)cc1)c1c(-c2cccc(O)c2)sc2cc(O)ccc12,3.2
CHEMBL44492,Cc1ccccc1-c1sc2cc(O)ccc2c1C(=O)c1ccc(OCCN2CCCCC2)cc1,0.7
CHEMBL295111,O=C(c1ccc(OCCN2CCCCC2)cc1)c1c(-c2cccc(F)c2)sc2cc(O)ccc12,2.5
CHEMBL44701,O=C(c1ccc(OCCN2CCCCC2)cc1)c1c(-c2ccc(O)cc2)sc2c(O)cccc12,300.0
CHEMBL296226,O=C(c1ccc(OCCN2CCCCC2)cc1)c1c(-c2ccc3ccccc3c2)sc2cc(O)ccc12,80.0
CHEMBL555783,COc1ccc(-c2sc3c(OC)c(OC)c(OC)cc3c2C(=O)c2ccc(OCCN3CCCCC3)cc2)cc1.Cl,350.0
CHEMBL44633,Cc1cc(O)ccc1-c1sc2cc(O)ccc2c1C(=O)c1ccc(OCCN2CCCCC2)cc1,2.0
CHEMBL44812,O=C(c1ccc(OCCN2CCCCC2)cc1)c1c(C2CCCC2)sc2cc(O)ccc12,5.0
CHEMBL47553,CC(C)c1ccc(-c2sc3cc(O)ccc3c2C(=O)c2ccc(OCCN3CCCCC3)cc2)cc1,30.0
CHEMBL538492,Cl.O=C(c1ccc(OCCN2CCCCC2)cc1)c1c(-c2ccc(O)cc2)sc2ccccc12,35.0
CHEMBL544723,COC(=O)c1ccc2c(C(=O)c3ccc(OCCN4CCCCC4)cc3)c(-c3ccc(O)cc3)sc2c1.Cl,30.0
CHEMBL47247,CCc1sc2cc(O)ccc2c1C(=O)c1ccc(OCCN2CCCCC2)cc1,20.0
CHEMBL542353,Cc1ccc2c(C(=O)c3ccc(OCCN4CCCCC4)cc3)c(-c3ccc(O)cc3)sc2c1.Cl,300.0
CHEMBL46982,O=C(c1ccc(OCCN2CCCCC2)cc1)c1c(-c2ccc(O)cc2)sc2cc(O)c(O)cc12,400.0
CHEMBL48079,O=C(c1ccc(OCCN2CCCCC2)cc1)c1c(-c2ccc(O)c3ccccc23)sc2cc(O)ccc12,2.0
CHEMBL43775,Cc1cc(-c2sc3cc(O)ccc3c2C(=O)c2ccc(OCCN3CCCCC3)cc2)ccc1O,1.0
CHEMBL46408,O=C(c1ccc(OCCN2CCCCC2)cc1)c1c(-c2ccsc2)sc2cc(O)ccc12,10.0
CHEMBL101914,CC1=CC(C)(C)Nc2ccc3c(c21)C(c1ccccc1)Oc1ccccc1-3,299.0
CHEMBL103232,CC1=CC(C)(C)Nc2ccc3c(c21)C(c1ccc(Br)cc1)Oc1ccccc1-3,10000.0
CHEMBL318513,CC1=CC(C)(C)Nc2ccc3c(c21)C(c1cccc(C(F)(F)F)c1)Oc1ccccc1-3,1537.0
CHEMBL103092,CC1=CC(C)(C)Nc2ccc3c(c21)C(c1ccc(C)c(F)c1)Oc1ccccc1-3,1449.0
CHEMBL320690,CC1=CC(C)(C)Nc2ccc3c(c21)C(c1cccc(Cl)c1)Oc1ccccc1-3,1480.0
CHEMBL317921,CC1=CC(C)(C)Nc2ccc3c(c21)C(c1ccc(Cl)c(Cl)c1)Oc1ccccc1-3,2632.0
CHEMBL286595,CC1=CC(C)(C)Nc2ccc3c(c21)C(c1ccc(Cl)cc1)Oc1ccccc1-3,1803.0
CHEMBL101907,CC1=CC(C)(C)Nc2ccc3c(c21)C(c1cc(C)cc(Br)c1)Oc1ccccc1-3,1037.0
CHEMBL102754,CC1=CC(C)(C)Nc2ccc3c(c21)C(c1ccc(Cl)c(F)c1)Oc1ccccc1-3,1449.0
CHEMBL102720,CC1=CC(C)(C)Nc2ccc3c(c21)C(c1ccc(Cl)c(C)c1)Oc1ccccc1-3,1220.0
CHEMBL102403,CC1=CC(C)(C)Nc2ccc3c(c21)C(c1ccc(C)cc1)Oc1ccccc1-3,2395.0
CHEMBL430855,CC1=CC(C)(C)Nc2ccc3c(c21)C(c1cccc(Br)c1)Oc1ccccc1-3,1095.0
CHEMBL102541,CC1=CC(C)(C)Nc2ccc3c(c21)C(c1cc(Cl)cc(Cl)c1)Oc1ccccc1-3,10000.0
CHEMBL299942,Oc1ccc2c(c1)OC[C@H](c1ccccc1)[C@@H]2c1ccc(OCCN2CCCCC2)cc1,3.1
CHEMBL301327,COc1ccc2c(c1)OC(C)(C)[C@@H](c1ccccc1)[C@@H]2c1ccc(OCCN2CCCC2)cc1,73.0
CHEMBL308234,CC1=C(c2ccc(OC(=O)C(C)(C)C)cc2)[C@H](c2ccc(OCCN3CCCCC3)cc2)Oc2cc(OC(=O)C(C)(C)C)ccc21,0.14
CHEMBL291808,CC1=C(c2ccc(O)cc2)C(c2ccc(OCCN3CCCCC3)cc2)Oc2cc(O)ccc21,0.243
CHEMBL14955,O=C(c1ccc(OCCN2CCCCC2)cc1)[C@H]1c2ccc(O)cc2S[C@@H]1c1ccc(O)cc1,0.52
CHEMBL6318,CC/C(=C(\c1ccc(I)cc1)c1ccc(OCCN2CCCC2)cc1)c1ccccc1,7.5
CHEMBL67783,Oc1ccc(C2=Cc3ccc(O)cc3OC2c2ccc(OCCN3CCCCC3)cc2)cc1,4.6
CHEMBL537254,Cl.Oc1ccc(-c2sc3cc(O)ccc3c2Oc2ccc(OCCN3CCCCC3)cc2)cc1,0.05
CHEMBL68055,CC1=C(c2ccc(O)cc2)[C@H](c2ccc(OCCN3CCCCC3)cc2)Oc2cc(O)ccc21,0.14
CHEMBL52598,Oc1ccc2c(c1)OC[C@H](c1ccccc1)[C@@H]2c1ccc(SCCN2CCCCC2)cc1,9.7
CHEMBL554789,Cl.Oc1ccc2c(c1)OC[C@H](c1ccccc1)[C@@H]2c1ccc(SCCN2CCCC2)cc1,6.5
CHEMBL417596,Oc1ccc2c(c1)OC[C@H](c1ccccc1)[C@@H]2c1ccc(OCCN2CCCC2)cc1,19.0
CHEMBL67837,CC1=C(c2ccc(O)cc2)[C@@H](c2ccc(OCCN3CCCCC3)cc2)Oc2cc(O)ccc21,8.4
CHEMBL441622,CC1=C(c2ccc(OC(=O)C(C)(C)C)cc2)[C@@H](c2ccc(OCCN3CCCCC3)cc2)Oc2cc(OC(=O)C(C)(C)C)ccc21,36.2
CHEMBL433581,C[C@H]1CCN(CCOc2ccc([C@@H]3Oc4ccc(O)cc4[C@@H](C)[C@@H]3c3ccc(O)cc3)cc2)C1,1.5
CHEMBL181404,C[C@H]1CCN(CCOc2ccc([C@@H]3Oc4ccc(O)c(F)c4[C@@H](C)[C@@H]3c3ccc(O)cc3)cc2)C1,0.9
CHEMBL369724,C[C@@H]1CCN(CCOc2ccc([C@@H]3Oc4ccc(O)cc4[C@@H](C)[C@@H]3c3ccc(O)cc3)cc2)C1,1.2
CHEMBL361005,C[C@@H]1CCN(CCOc2ccc([C@@H]3Oc4ccc(O)c(F)c4[C@@H](C)[C@@H]3c3ccc(O)cc3)cc2)C1,1.1
CHEMBL360315,C[C@@H]1c2cc(O)ccc2O[C@@H](c2ccc(OC[C@H](C)N3CCCC3)cc2)[C@H]1c1ccc(O)cc1,0.5
CHEMBL178470,C[C@@H]1c2cc(O)ccc2O[C@@H](c2ccc(OCCN3CCCCC3)cc2)[C@H]1c1ccc(O)cc1,1.6
CHEMBL180146,C[C@@H]1c2c(ccc(O)c2F)O[C@@H](c2ccc(OCCN3CCCCC3)cc2)[C@H]1c1ccc(O)cc1,1.4
CHEMBL181936,C[C@@H]1c2cc(O)ccc2O[C@@H](c2ccc(OCCN3CCCC3)cc2)[C@H]1c1ccc(O)cc1,1.5
CHEMBL359633,C[C@@H]1c2c(ccc(O)c2F)O[C@@H](c2ccc(OC[C@H](C)N3CCCC3)cc2)[C@H]1c1ccc(O)cc1,0.5
CHEMBL368449,C[C@@H]1CCN([C@@H](C)COc2ccc([C@@H]3Oc4ccc(O)cc4[C@@H](C)[C@@H]3c3ccc(O)cc3)cc2)C1,0.4
CHEMBL180995,C[C@@H]1CCN([C@@H](C)COc2ccc([C@@H]3Oc4ccc(O)c(F)c4[C@@H](C)[C@@H]3c3ccc(O)cc3)cc2)C1,0.8
CHEMBL359671,C[C@H]1CCN([C@@H](C)COc2ccc([C@@H]3Oc4ccc(O)c(F)c4[C@@H](C)[C@@H]3c3ccc(O)cc3)cc2)C1,0.6
CHEMBL2113002,C[C@H](CN1CCCC1)Oc1ccc([C@@H]2Oc3ccc(O)cc3[C@@H](C)[C@@H]2c2ccc(O)cc2)cc1,2.5
CHEMBL181368,C[C@@H]1c2c(ccc(O)c2F)O[C@@H](c2ccc(OCCN3CCCCCC3)cc2)[C@H]1c1ccc(O)cc1,0.9
CHEMBL181248,C[C@@H]1c2c(ccc(O)c2F)O[C@@H](c2ccc(OC[C@H](C)N3CCC[C@H]3C)cc2)[C@H]1c1ccc(O)cc1,0.07
CHEMBL179929,COc1ccc2c(c1)CO[C@H](c1ccccc1)[C@@H]2c1ccc(OCCN2CCCC2)cc1,57.0
CHEMBL180085,COc1ccc2c(c1)CS[C@H](c1ccccc1)[C@@H]2c1ccc(OCCN2CCCC2)cc1,164.0
CHEMBL183162,Oc1ccc2c(c1)CO[C@H](c1ccccc1)[C@@H]2c1ccc(OCCN2CCCC2)cc1,0.15
CHEMBL183333,Oc1ccc2c(c1)CS[C@H](c1ccccc1)[C@@H]2c1ccc(OCCN2CCCC2)cc1,0.25
CHEMBL328190,Oc1ccc2c(c1)CC[C@H](c1ccccc1)[C@@H]2c1ccc(OCCN2CCCC2)cc1,0.1
CHEMBL367574,C[C@@H]1CN(CCOc2ccc([C@@H]3Oc4ccc(O)cc4S[C@@H]3c3ccc(O)cc3)cc2)C[C@@H]1C,0.5
CHEMBL182980,C[C@H]1CN(CCOc2ccc([C@@H]3Oc4ccc(O)cc4S[C@@H]3c3ccc(O)cc3)cc2)C[C@@H]1C,0.4
CHEMBL361751,Oc1ccc([C@H]2Sc3cc(O)ccc3O[C@H]2c2ccc(OCCCN3CCCC3)cc2)cc1,4.1
CHEMBL180792,C[C@H](COc1ccc([C@@H]2Oc3ccc(O)cc3S[C@@H]2c2ccc(O)cc2)cc1)N1CCCC1,0.3
CHEMBL184202,Oc1ccc([C@H]2Sc3cc(O)ccc3O[C@H]2c2ccc(OCCN3CC4CC4C3)cc2)cc1,2.6
CHEMBL362623,Oc1ccc([C@H]2Sc3cc(O)ccc3O[C@H]2c2ccc(OCCN3CCCC3)cc2)cc1,3.3
CHEMBL183584,C[C@@H]1CCN(CCOc2ccc([C@@H]3Oc4ccc(O)cc4S[C@@H]3c3ccc(O)cc3)cc2)C1,0.9
CHEMBL183049,C[C@H]1CCN(CCOc2ccc([C@@H]3Oc4ccc(O)cc4S[C@@H]3c3ccc(O)cc3)cc2)C1,1.0
CHEMBL183489,C[C@@H]1CCCN1CCOc1ccc([C@@H]2Oc3ccc(O)cc3S[C@@H]2c2ccc(O)cc2)cc1,0.4
CHEMBL183344,C[C@H]1CCCN1CCOc1ccc([C@@H]2Oc3ccc(O)cc3S[C@@H]2c2ccc(O)cc2)cc1,0.5
CHEMBL183388,CC[C@@H]1CCN(CCOc2ccc([C@@H]3Oc4ccc(O)cc4S[C@@H]3c3ccc(O)cc3)cc2)C1,1.6
CHEMBL2113027,CC[C@H]1CCN(CCOc2ccc([C@@H]3Oc4ccc(O)cc4S[C@@H]3c3ccc(O)cc3)cc2)C1,1.2
CHEMBL361601,CC(C)[C@@H]1CCN(CCOc2ccc([C@@H]3Oc4ccc(O)cc4S[C@@H]3c3ccc(O)cc3)cc2)C1,3.5
CHEMBL427324,CC(C)[C@H]1CCN(CCOc2ccc([C@@H]3Oc4ccc(O)cc4S[C@@H]3c3ccc(O)cc3)cc2)C1,3.8
CHEMBL182887,CC1(C)CCN(CCOc2ccc([C@@H]3Oc4ccc(O)cc4S[C@@H]3c3ccc(O)cc3)cc2)C1,0.7
CHEMBL183371,CC1(C)CCCN1CCOc1ccc([C@@H]2Oc3ccc(O)cc3S[C@@H]2c2ccc(O)cc2)cc1,0.4
CHEMBL367350,CC[C@@H](COc1ccc([C@@H]2Oc3ccc(O)cc3S[C@@H]2c2ccc(O)cc2)cc1)N1CCCC1,0.2
CHEMBL369545,CC[C@H](COc1ccc([C@@H]2Oc3ccc(O)cc3S[C@@H]2c2ccc(O)cc2)cc1)N1CCCC1,0.4
CHEMBL183263,CC(C)[C@@H](COc1ccc([C@@H]2Oc3ccc(O)cc3S[C@@H]2c2ccc(O)cc2)cc1)N1CCCC1,2.0
CHEMBL179852,CC(C)(COc1ccc([C@@H]2Oc3ccc(O)cc3S[C@@H]2c2ccc(O)cc2)cc1)N1CCCC1,0.5
CHEMBL182794,CC(C)[C@H](COc1ccc([C@@H]2Oc3ccc(O)cc3S[C@@H]2c2ccc(O)cc2)cc1)N1CCCC1,0.4
CHEMBL181944,C[C@@H](CN1CCCC1)Oc1ccc([C@@H]2Oc3ccc(O)cc3S[C@@H]2c2ccc(O)cc2)cc1,2.3
CHEMBL183044,C[C@H](CN1CCCC1)Oc1ccc([C@@H]2Oc3ccc(O)cc3S[C@@H]2c2ccc(O)cc2)cc1,9.1
CHEMBL183092,CC[C@@H](CN1CCCC1)Oc1ccc([C@@H]2Oc3ccc(O)cc3S[C@@H]2c2ccc(O)cc2)cc1,1.3
CHEMBL183086,CC[C@H](CN1CCCC1)Oc1ccc([C@@H]2Oc3ccc(O)cc3S[C@@H]2c2ccc(O)cc2)cc1,3.1
CHEMBL183685,Oc1ccc2c(ccc3cc4ccc(O)cc4c(-c4ccc(OCCN5CCCCC5)cc4)c32)c1,820.0
CHEMBL360872,Oc1ccc2c(c1)Cc1ccc3cc(O)ccc3c1C2c1ccc(OCCN2CCCCC2)cc1,23.0
CHEMBL184976,Oc1ccc2c3c(ccc2c1)Cc1c(O)cccc1C3c1ccc(OCCN2CCCCC2)cc1,2.9
CHEMBL185064,Oc1ccc2c3c(sc2c1)Cc1ccccc1C3c1ccc(C(O)CCN2CCCCC2)cc1,17.0
CHEMBL185284,Oc1ccc2c3c(sc2c1)Cc1cccc(O)c1C3c1ccc(C(O)CCN2CCCCC2)cc1,42.0
CHEMBL185412,Oc1ccc2c(c1)C(c1ccc(C(O)CCN3CCCCC3)cc1)c1c(sc3cc(O)ccc13)C2,0.9
CHEMBL182342,Oc1ccc2c(c1)sc1cc3ccc(O)cc3c(-c3ccc(C(O)CCN4CCCCC4)cc3)c12,1.0
CHEMBL184958,Oc1ccc2c(c1)Cc1sc3cc(O)ccc3c1C2c1ccc(C(O)CCN2CCCCC2)cc1,0.7
CHEMBL360005,Oc1ccc2c3c(ccc2c1)Cc1cccc(O)c1C3c1ccc(OCCN2CCCCC2)cc1,68.0
CHEMBL184423,Oc1ccc2c(c1)C(c1ccc(OCCN3CCCCC3)cc1)c1c(ccc3cc(O)ccc13)C2,6.6
CHEMBL183683,CCCCCSCCCCCCCCCC/C(=C(/CC)c1ccc(O)cc1)c1cccc(O)c1,1200.0
CHEMBL366280,CCCCCSCCCCCCCCCC/C(=C(/CC)c1ccc(O)cc1)c1ccc(O)cc1,790.0
CHEMBL186667,CCCCCSCCCCCCCCCC/C(=C(/CC)c1cccc(O)c1)c1ccc(O)cc1,200.0
CHEMBL183345,CCCCCS(=O)(=O)CCCCCCCCCC/C(=C(/CC)c1ccc(O)cc1)c1cccc(O)c1,370.0
CHEMBL426065,CCCCCS(=O)(=O)CCCCCCCCCC/C(=C(/CC)c1ccc(O)cc1)c1ccc(O)cc1,130.0
CHEMBL365089,CCCCCS(=O)(=O)CCCCCCCCCC/C(=C(/CC)c1cccc(O)c1)c1ccc(O)cc1,50.0
CHEMBL184217,CCCCCSCCCN(C)C(=O)CCCCC/C(=C(/CC)c1ccc(O)cc1)c1ccc(O)cc1,600.0
CHEMBL181484,CC/C(=C(/CCCCCC(=O)N(C)CCCSCCCC(F)(F)C(F)(F)F)c1ccc(O)cc1)c1ccc(O)cc1,310.0
CHEMBL184285,CCCCCSCCCN(C)CCCCCC/C(=C(/CC)c1ccc(O)cc1)c1ccc(O)cc1,10.0
CHEMBL185209,CC/C(=C(/CCCCCCN(C)CCCSCCCC(F)(F)C(F)(F)F)c1ccc(O)cc1)c1ccc(O)cc1,10.0
CHEMBL1358,C[C@]12CC[C@@H]3c4ccc(O)cc4C[C@@H](CCCCCCCCC[S+]([O-])CCCC(F)(F)C(F)(F)F)[C@H]3[C@@H]1CC[C@@H]2O,0.21
CHEMBL184074,CCCCCS(=O)(=O)CCCCCCCCCCn1c(-c2ccc(O)cc2)c(C)c2cc(O)ccc21,20.0
CHEMBL190972,CN(C)CCOc1ccc(C2=C(c3ccccc3)CCOc3ccccc32)cc1,16200.0
CHEMBL426804,CCN(CC)CCOc1ccc(C2=C(c3ccccc3)CCOc3ccccc32)cc1,14200.0
CHEMBL366274,c1ccc(C2=C(c3ccc(OCCN4CCOCC4)cc3)c3ccccc3OCC2)cc1,7600.0
CHEMBL188519,c1ccc(C2=C(c3ccc(OCCN4CCCCC4)cc3)c3ccccc3OCC2)cc1,10600.0
CHEMBL189022,c1ccc(C2=C(c3ccc(OCCN4CCCC4)cc3)c3ccccc3OCC2)cc1,6100.0
CHEMBL187400,COc1ccc(C2=C(c3ccc(OCCN(C)C)cc3)c3ccccc3OCC2)cc1,11100.0
CHEMBL186237,COc1ccccc1C1=C(c2ccc(OCCN(C)C)cc2)c2ccccc2OCC1,11700.0
CHEMBL188193,COc1cccc(C2=C(c3ccc(OCCN(C)C)cc3)c3ccccc3OCC2)c1,56600.0
CHEMBL186274,Cc1ccc(C2=C(c3ccc(OCCN(C)C)cc3)c3ccccc3OCC2)cc1,15700.0
CHEMBL186728,Cc1cccc(C2=C(c3ccc(OCCN(C)C)cc3)c3ccccc3OCC2)c1,33600.0
CHEMBL186797,CN(C)CCOc1ccc(C2=C(c3ccc(Cl)cc3)CCOc3ccccc32)cc1,18300.0
CHEMBL363504,CN(C)CCOc1ccc(C2=C(c3cccc([N+](=O)[O-])c3)CCOc3ccccc32)cc1,64600.0
CHEMBL187893,CN(C)CCOc1ccc(C2=C(c3ccc(C#N)cc3)CCOc3ccccc32)cc1,74300.0
CHEMBL195212,Oc1ccc2c(c1)CCN(c1ccccc1)C2c1ccc(N2CCN3CCCCC3C2)cc1,21.0
CHEMBL195465,CC1CN(c2ccc(C3c4ccc(O)cc4CCN3c3ccccc3)cc2)CCN1C,44.0
CHEMBL195216,CCN1CCN(c2ccc(C3c4ccc(O)cc4CCN3c3ccccc3)cc2)CC1C,30.0
CHEMBL192055,CCC1CN(c2ccc(C3c4ccc(O)cc4CCN3c3ccccc3)cc2)CCN1C,190.0
CHEMBL427533,CN1CCN(c2ccc(C3c4ccc(O)cc4CCN3c3ccccc3)cc2)CC1,55.0
CHEMBL426461,CN1CCC(c2ccc(C3c4ccc(O)cc4CCN3c3ccccc3)cc2)CC1,45.0
CHEMBL192187,CN1CCC(c2ccc(C3c4ccc(O)cc4CCN3c3ccc(F)cc3)cc2)CC1,46.0
CHEMBL372011,CN1CCC(c2ccc(C3c4ccc(O)cc4CCN3c3cccc(F)c3)cc2)CC1,150.0
CHEMBL372029,CN1CCC(c2ccc(C3c4ccc(O)cc4CCN3c3cccc(O)c3)cc2)CC1,104.0
CHEMBL194334,CN1CCN(c2ccc(C3c4ccc(O)cc4CCN3c3cccc(O)c3)cc2)CC1,110.0
CHEMBL364492,CC(C)N1CCN(c2ccc(C3c4ccc(O)cc4CCN3c3cccc(O)c3)cc2)CC1,51.0
CHEMBL195118,CC(C)CN1CCN(c2ccc(C3c4ccc(O)cc4CCN3c3cccc(O)c3)cc2)CC1,80.0
CHEMBL191711,Oc1cccc(N2CCc3cc(O)ccc3C2c2ccc(N3CCN(CC4CC4)CC3)cc2)c1,46.0
CHEMBL195466,Oc1cccc(N2CCc3cc(O)ccc3C2c2ccc(N3CCN(C4CCCC4)CC3)cc2)c1,59.0
CHEMBL191646,Oc1cccc(N2CCc3cc(O)ccc3C2c2ccc(N3CCN(C4CCCCC4)CC3)cc2)c1,52.0
CHEMBL103650,Oc1ccc2c(c1)CCN(c1ccccc1)C2c1ccc(F)cc1,1000.0
CHEMBL101382,Oc1ccc2c(c1)CCN(c1ccccc1)C2c1ccc(OCCN2CCCCC2)cc1,32.0
CHEMBL370492,CCc1nc2cc(O)ccc2c(Oc2ccc(/C=C/C(=O)O)cc2)c1-c1ccccc1,125.89
CHEMBL363630,CCc1nc2cc(O)ccc2c(Oc2ccc(/C=C/C(N)=O)cc2)c1-c1ccccc1,79.43
CHEMBL370750,CCc1nc2cc(O)ccc2c(Oc2ccc(/C=C/C(=O)NC(C)C)cc2)c1-c1ccccc1,19.95
CHEMBL194774,CCc1nc2cc(O)ccc2c(Oc2ccc(/C=C/C(=O)N(C)C)cc2)c1-c1ccccc1,3.981
CHEMBL193865,CCc1nc2cc(O)ccc2c(Oc2ccc(/C=C/C(=O)N3CCCCC3)cc2)c1-c1ccccc1,3.981
CHEMBL194600,O=C(O)/C=C/c1ccc(Oc2c(-c3ccccc3)c(-c3ccccc3)nc3cc(O)ccc23)cc1,2511.89
CHEMBL192025,CCc1nc2cc(O)ccc2c(Oc2ccc(/C=C/C(=O)O)cc2)c1-c1cccc(C(F)(F)F)c1,7.943
CHEMBL195080,CCc1nc2cc(O)ccc2c(Oc2ccc(OCCN(C)C)cc2)c1-c1ccccc1,3.162
CHEMBL195515,CC/C(=C(\c1ccc(O)cc1)c1ccc(/C=C/C(=O)O)cc1)c1ccccc1,1.259
CHEMBL410683,C/C=C1\C(=O)C[C@H]2[C@@H]3CCC4=CC(=O)CC[C@]4(C)[C@H]3CC[C@]12C,5000.0
CHEMBL402063,C/C=C1/C(=O)C[C@H]2[C@@H]3CCC4=CC(=O)CC[C@]4(C)[C@H]3CC[C@]12C,5000.0
CHEMBL1116,Cl.O=C(c1ccc(OCCN2CCCCC2)cc1)c1c(-c2ccc(O)cc2)sc2cc(O)ccc12,0.37
CHEMBL539849,Cl.Oc1ccc(-c2ccc3cc(O)ccc3c2Cc2ccc(OCCN3CCCCC3)cc2)cc1,0.2
CHEMBL557981,CS(=O)(=O)c1ccc(-c2ccc3cc(O)ccc3c2Cc2ccc(OCCN3CCCCC3)cc2)cc1.Cl,3.4
CHEMBL536733,CS(=O)(=O)c1ccc(-c2ccc3cc(O)ccc3c2Oc2ccc(OCCN3CCCCC3)cc2)cc1.Cl,0.86
CHEMBL537638,Cl.Oc1ccc2c(Oc3ccc(OCCN4CCCCC4)cc3)c(-c3ccc(F)cc3)ccc2c1,0.34
CHEMBL535158,Cl.Oc1ccc2c3c(ccc2c1)-c1cc(F)cc(F)c1O[C@@H]3c1ccc(OCCN2CCCCC2)cc1,1.4
CHEMBL559366,Cl.Oc1ccc2c3c(ccc2c1)-c1cc(F)cc(F)c1O[C@H]3c1ccc(OCCN2CCCCC2)cc1,330.0
CHEMBL379024,COc1ccc(F)cc1-c1ccc2c(c1)C(CSCCc1ccccc1)=CC(C)(C)N2,2000.0
CHEMBL380646,CC1(C)C=C(CSCCc2ccccc2)c2cc(-c3cccc(O)c3Cl)ccc2N1,2000.0
CHEMBL210648,CN(C)CCOc1ccc(C2Oc3cc(O)ccc3C3=C2c2ccc(O)cc2OC3)cc1,180.0
CHEMBL207324,Oc1ccc2c(c1)O[C@@H](c1ccc(OCCN3CCCCC3)cc1)C1=C2COc2cc(O)ccc21,17.1
CHEMBL208085,Oc1ccc2c(c1)O[C@H](c1ccc(OCCN3CCCCC3)cc1)C1=C2COc2cc(O)ccc21,43.3
CHEMBL381489,CC(C)(C)C(=O)Oc1ccc2c(c1)O[C@@H](c1ccc(OCCN3CCCCC3)cc1)C1=C2COc2cc(OC(=O)C(C)(C)C)ccc21,99.0
CHEMBL207362,CC(C)(C)C(=O)Oc1ccc2c(c1)O[C@H](c1ccc(OCCN3CCCCC3)cc1)C1=C2COc2cc(OC(=O)C(C)(C)C)ccc21,175.0
CHEMBL209090,CN(C)c1ccc(C2Oc3cc(O)ccc3C3=C2c2ccc(O)cc2OC3)cc1,3800.0
CHEMBL206680,Oc1ccc2c(c1)OC(c1ccc(OCCN3CCCCCC3)cc1)C1=C2COc2cc(O)ccc21,13.0
CHEMBL379415,Oc1ccc2c(c1)OC(c1ccc(OCCN3CCCCC3)cc1)C1=C2COc2cc(O)ccc21,12.0
CHEMBL426322,Oc1ccc2c(c1)OC(c1ccc(OCCN3CCCC3)cc1)C1=C2COc2cc(O)ccc21,80.0
CHEMBL210699,Oc1ccc2c(c1)OC(c1ccc(OCCN3CCOCC3)cc1)C1=C2COc2cc(O)ccc21,410.0
CHEMBL4228388,O=C(O)/C=C/c1ccc(C2=C(c3ccc(O)cc3)CCOc3ccccc32)cc1,670.0
CHEMBL4229221,COc1ccc2c(c1)OCCC(c1ccc(O)cc1)=C2c1ccc(/C=C/C(=O)O)cc1,1000.0
CHEMBL4228649,O=C(O)/C=C/c1ccc(C2=C(c3ccc(O)cc3)CCOc3cc(F)ccc32)cc1,1390.0
CHEMBL4224880,O=C(O)/C=C/c1ccc(C2=C(c3ccc(O)cc3)CCSc3cc(F)ccc32)cc1,180.0
CHEMBL4227881,CC(=O)/C=C/c1ccc(C2=C(c3ccc(O)cc3)CCOc3cc(F)ccc32)cc1,450.0
CHEMBL4225156,CCN(CC)C(=O)/C=C/c1ccc(C2=C(c3ccc(O)cc3)CCOc3cc(F)ccc32)cc1,9.8
